<?xml version="1.0" encoding="UTF-8"?>
<beans:beans xmlns="http://www.springframework.org/schema/mvc"
	xmlns:xsi="http://www.w3.org/2001/XMLSchema-instance"
	xmlns:beans="http://www.springframework.org/schema/beans"
	xmlns:context="http://www.springframework.org/schema/context"
	xsi:schemaLocation="http://www.springframework.org/schema/mvc http://www.springframework.org/schema/mvc/spring-mvc.xsd
		http://www.springframework.org/schema/beans http://www.springframework.org/schema/beans/spring-beans.xsd
		http://www.springframework.org/schema/context http://www.springframework.org/schema/context/spring-context.xsd">

	<!-- DispatcherServlet Context: defines this servlet's request-processing infrastructure -->
	
	<!-- Enables the Spring MVC @Controller programming model -->
	<annotation-driven />

	<!-- Handles HTTP GET requests for /resources/** by efficiently serving up static resources in the ${webappRoot}/resources directory -->
	<resources mapping="/resources/**" location="/resources/" />

  <beans:bean id="templateResolver"
    class="org.thymeleaf.spring4.templateresolver.SpringResourceTemplateResolver">
    <beans:property name="prefix" value="/WEB-INF/views/" />
    <beans:property name="suffix" value=".html" />
    <beans:property name="templateMode" value="HTML5" />
    <beans:property name="characterEncoding" value="UTF-8" />
  </beans:bean>

  <beans:bean id="templateEngine"
    class="org.thymeleaf.spring4.SpringTemplateEngine">
    <beans:property name="templateResolver"
      ref="templateResolver" />
  </beans:bean>

  <beans:bean
    class="org.thymeleaf.spring4.view.ThymeleafViewResolver">
    <beans:property name="templateEngine"
      ref="templateEngine" />
    <beans:property name="characterEncoding" value="UTF-8" />
  </beans:bean>
	
	<context:component-scan base-package="com.tmc.wata" />

</beans:beans>
