<?xml version="1.0" encoding="UTF-8"?>
<beans xmlns="http://www.springframework.org/schema/beans"
	xmlns:xsi="http://www.w3.org/2001/XMLSchema-instance"
	xsi:schemaLocation="http://www.springframework.org/schema/beans 
	http://www.springframework.org/schema/beans/spring-beans.xsd">

	<!-- Root Context: defines shared resources visible to all other web components -->
	<!-- このファイルもBean定義ファイルとして利用できる -->

	<!-- MyBatis設定 -->
	<bean id="dataSource"
		class="org.springframework.jdbc.datasource.DriverManagerDataSource">
		<property name="driverClassName"
			value="com.mysql.jdbc.Driver" />
		<property name="url"
			value="jdbc:mysql://localhost:3306/public" />
		<property name="username" value="public" />
		<property name="password" value="public" />
	</bean>

	<!-- トランザクションマネージャー -->
	<bean id="transactionManager"
		class="org.springframework.jdbc.datasource.DataSourceTransactionManager">
		<property name="dataSource" ref="dataSource" />
	</bean>

<!-- 	トランザクション境界を設定
	<tx:annotation-driven transaction-manager="transactionManager" />
 -->
 
	<!-- SQLセッションファクトリー -->
	<bean id="sqlSessionFactory"
		class="org.mybatis.spring.SqlSessionFactoryBean">
		<property name="configLocation" value="/WEB-INF/spring/mybatis.xml" />
		<property name="dataSource" ref="dataSource" />
	</bean>

	<!-- xxxMapper.xmlの記述を省略できる -->
	<bean class="org.mybatis.spring.mapper.MapperScannerConfigurer">
		<property name="basePackage" value="com.tmc.wata" />
	</bean>

</beans>
